,R2,MAE,RMSE
Baseline,0.3618963723454217,254184.65751119098,612500.2119863803
Enhanced,0.6959916908463303,118277.00642008013,422769.22273360786
